author_name	author_surname	author	wiki_link_author	title	abstract	topic	various_topic_tag	diary_date(DD/MM/YYYY)	diary_quote	gender	nationality	age_range	other	emotions	emotional_span	emotion_span_start	emotion_span_end	comment	curiosity_facts	writing_place	lat	lon	url_for_purchase	suggestions
John	Cheever	John Cheever	https://it.wikipedia.org/wiki/John_Cheever	Una specie di solitudine. I diari	John Cheever era un uomo pieno di contraddizioni: amava la moglie e i figli, ma si sentiva profondamente solo; amava le donne, ma amava anche gli uomini; si odiava perché aveva il vizio di bere, ma per gran parte della vita non riuscì a smettere; era un grande scrittore, ma la sua sensibilità era così pronunciata da limitarlo come persona. In queste pagine ci è data la possibilità di seguirlo in un dialogo serrato con se stesso, di starlo ad ascoltare mentre cerca di capire e registrare le infinite variazioni della luce e del suo intimo sentire. Qui la scrittura di Cheever è totalmente libera, folgorante, una fonte di infinita poesia e struggenti considerazioni sulla natura dell'amore, del sesso, del desiderio e della vita.	Intimate	DIARI INTIMI/ SULLA SCRITTURA	01/01/82	"Oh, New York è un altro mondo rispetto a Chicago, proprio un altro mondo."" Nella Ventitreesima strada ho letto un cartello: NON PERDETE IL VOSTRO AMORE PER COLPA DELLA CICCIA. C'era una vetrina piena di crocifissi di plastica. Lo strato superficiale della città è paradossale. Per una mente formatasi nel paradosso è rassicurante. Ho pensato di nuovo, sulla poltrona del dentista, che sono come un carcerato che tenta di evadere dalla parte sbagliata. A quanto ne so la porta potrebbe essere aperta, ma continuo a scavare un tunnel col cucchiaino. Oh, penso, se solo potessi assaporare un po' di successo! Ma non è scavando la buca dove ho i piedi che mi avvicino? Mary al mattino, addormentata, uguale alla ragazza di cui mi sono innamorato. Le braccia rotonde stese fuori dalla coperta. I capelli bruni sciolti. La durevole qualità di ciò che è serio e puro."	Male	American	22-39	queer	Love	Mary al mattino, addormentata, uguale alla ragazza di cui mi sono innamorato. Le braccia rotonde stese fuori dalla coperta. I capelli bruni sciolti. La durevole qualità di ciò che è serio e puro.	665	859	john cheever si racconta. lo fa con onestà, senza filtri ma sempre dolcemente, senza mai cadere nel patetico nonostante l'innegabile problema con l'alcool, l'attrazione verso gli uomini, i problemi di soldi, l'atmosfera familiare, l'essere uno scrittore ed essere se stessi.  oltre 500 pagine in cui troviamo un uomo conscio delle proprie contraddizioni, le stesse amate ed odiate o quasi ignorate ma necessarie per essere un grande artista e riuscire a raccontarci l'umanità nei suoi racconti in modo così puro.  un saggio anche sul sentirsi soli, diversi, outsiders. intenso e scritto divinamente. / La forza dei pensieri sparsi, gli schizzi, i racconti di giornate altrimenti dimenticabili, viaggi, matrimoni, successi e fallimenti, la forza di Una specie di solitudine, sta tutta nel motivo che ha spinto Adelaide Cioni a decidere di smettere di tradurre: “perché mai avevo letto un libro in cui l’autore si denuda progressivamente, fino a toccare quel punto”. Quale punto? Qui è il segreto del libro e la sua capacità a passare di mano in mano e parlare ai lettori che incontra. Perché Cheever ci racconta le sue battaglie. Che sono le battaglie di tutti, di ogni giorno. La famiglia (la moglie di una vita, amatissima e odiatissima: Mary; e i figli: Ben, Susan, il piccolo Federico). La famiglia d’origine (genitori sfuggenti e sopravvissuti a un piccolo tracollo economico; un fratello esaltato e alcolista: specchio oscuro di John). Il sesso (le amanti giovani ma soprattutto gli amanti, gli uomini con cui Cheever affronta una drammatica lotta per definire le proprie pulsioni). L’alcol (la dipendenza costante, una caduta continua, fino alla vittoria con gli Alcolisti Anonimi). La religione (un cattolicesimo sofferto, a tratti punitivo, a tratti liberatorio). E infine, la scrittura (l’arte, il mestiere, la via per trovare un successo che non è mai pieno, e mai potrebbe esserlo, nel confronto con i colleghi, che siano vivi o morti).	"È stato chiamato ""il Čechov dei sobborghi"". Nella sua vita si è trasferito numerose volte."	New York, United States	40.71	-74	https://www.amazon.it/Una-specie-solitudine-I-diari/dp/8807886219	
--	AA.VV.	Autrici varie 1	n/d	Memoria del Buio. Lettere e diari delle donne argentine imprigionate durante la dittatura. Una testimonianza di resistenza collettiva	"Memoria del buio è il racconto corale - costruito attraverso lettere, pagine di diario, testimonianze, poesie - di 112 donne argentine che hanno vissuto insieme, fra il 1974 e il 1983, l'esperienza drammatica della prigionia nelle carceri della dittatura. La lunga notte dell'Argentina comincia nel luglio del 1974, dopo la morte del presidente Juan Domingo Perón, con il graduale prevalere dei militari nelle stanze del potere. La Triple A, Alleanza Anticomunista Argentina, perseguita e uccide esponenti politici e sindacali, giornalisti, intellettuali; la repressione di qualsiasi forma di opposizione diventa sistematica, in un crescendo di ferocia che culmina nel golpe del 24 marzo 1976. Ma quel sistema di sterminio ha bisogno di una ""facciata presentabile"" da esibire di fronte alle organizzazioni internazionali per la difesa dei diritti umani. È questo il ruolo che tocca a Villa Devoto: celle pulite, dipinte di azzurro, dove alcune di queste donne, sequestrate senza ragione, giungono quasi con sollievo. Finché non scoprono la realtà dietro il ""carcere vetrina"". Le detenute, differenti per coscienza politica, sentimenti religiosi, cultura, si stringono le une alle altre e imparano, insieme, ad affrontare le torture fisiche e psicologiche alle quali sono sottoposte quotidianamente. Quel legame, rimasto saldo anche dopo il ritorno della democrazia, ha reso possibile un doloroso lavoro di recupero della memoria e ricostruzione dei fatti, di cui questo libro è il risultato."	War	DIARI INTIMI / CARCERE / DITTATURA / RESISTENZA/ PERONISMO	01/01/1976	So che ogni giorno e ogni notte quando verifichi che il tuo cielo resta piccolo e spezzettato sorridi perché stai vincendo. So anche che a volte quando i muri e tetti ti colpiscono in viso di colpo senti freddo. E passano i fantasmi cadaverici che ti vomitano in faccia. E tutti i passeri e le albe che verranno sono con te. Anche se oggi il sole ti addolora, anche se oggi il sole ti addolora. Canzone dedicata a una compagna del carcere di Córdoba che era stata delegata e che restò a lungo in punizione.	Female	Argentinian	n/d	Córdoba	Force	E tutti i passeri e le albe che verranno sono con te. Anche se oggi il sole ti addolora	271	393	"Il libro é un'importante raccolta di testi diversi, testimonianze a posteriori, ma anche lettere dall'interno del carcere di villa devoto, Il carcere vetrina dell'Argentina di Videla. Le detenute raccontano i giorni di prigionia, gli aneddoti, le vicende ma anche la durezza della repressione e il clima di tensione che si respirava anche in uno dei pochi luoghi dove la detenzione dei prigionieri politici era ""legale"" e visibile. Mozza il fiato."	"Dall'introduzione: ""Amavamo la vita, il bene più prezioso, ma eravamo disposte a rischiarla per trasform are profondamente la società. […] Donne libere, attive, pensanti. Donne militanti sindacali. Donne militanti cristiane. Donne militanti politiche. Donne militanti rivoluzionarie. Ma ormai non importava più a quale delle diverse varianti del penorismo e della sinsitra appartenessimo. [...] Ci chiamarono «sovversive», «infiltrate», «terroriste», «comuniste», «bolsceviche». E ci dettero la caccia. C'è chi ha dovuto abbandonare il paese; altri sono stati costretti a nascondersi per sfuggire all'arresto e hanno vissuto un vero e proprio esilio interno; altri ancora sono stati sequestrati e i loro nomi sono andati ad allungare gli elenchi dei desaparecidos di cui non abbiamo mai saputo niente. Molti infine, sono stati assassinati. Noialtre ci hanno incarcerate."""	Córdoba, Argentina	-31.92	-64.18	https://www.amazon.it/imprigionate-dittatura-testimonianza-resistenza-collettiva/dp/8820044811	
--	AA.VV.	Autrici varie 2 (Bea)	n/d	Memoria del Buio. Lettere e diari delle donne argentine imprigionate durante la dittatura. Una testimonianza di resistenza collettiva	"Memoria del buio è il racconto corale - costruito attraverso lettere, pagine di diario, testimonianze, poesie - di 112 donne argentine che hanno vissuto insieme, fra il 1974 e il 1983, l'esperienza drammatica della prigionia nelle carceri della dittatura. La lunga notte dell'Argentina comincia nel luglio del 1974, dopo la morte del presidente Juan Domingo Perón, con il graduale prevalere dei militari nelle stanze del potere. La Triple A, Alleanza Anticomunista Argentina, perseguita e uccide esponenti politici e sindacali, giornalisti, intellettuali; la repressione di qualsiasi forma di opposizione diventa sistematica, in un crescendo di ferocia che culmina nel golpe del 24 marzo 1976. Ma quel sistema di sterminio ha bisogno di una ""facciata presentabile"" da esibire di fronte alle organizzazioni internazionali per la difesa dei diritti umani. È questo il ruolo che tocca a Villa Devoto: celle pulite, dipinte di azzurro, dove alcune di queste donne, sequestrate senza ragione, giungono quasi con sollievo. Finché non scoprono la realtà dietro il ""carcere vetrina"". Le detenute, differenti per coscienza politica, sentimenti religiosi, cultura, si stringono le une alle altre e imparano, insieme, ad affrontare le torture fisiche e psicologiche alle quali sono sottoposte quotidianamente. Quel legame, rimasto saldo anche dopo il ritorno della democrazia, ha reso possibile un doloroso lavoro di recupero della memoria e ricostruzione dei fatti, di cui questo libro è il risultato."	War	DIARI INTIMI / CARCERE / DITTATURA / RESISTENZA/PERONISMO	01/01/1976	I futuri liberi nascono dove vuoi tu. Biglietto fatto con le matite colorate spedito da Bea dal carcere di Devoto alla sua famiglia, in occasione delle feste di fine anno.	Female	Argentinian	n/d	Córdoba	Force	I futuri liberi nascono dove vuoi tu. 	0	36	"Il libro é un'importante raccolta di testi diversi, testimonianze a posteriori, ma anche lettere dall'interno del carcere di villa devoto, Il carcere vetrina dell'Argentina di Videla. Le detenute raccontano i giorni di prigionia, gli aneddoti, le vicende ma anche la durezza della repressione e il clima di tensione che si respirava anche in uno dei pochi luoghi dove la detenzione dei prigionieri politici era ""legale"" e visibile. Mozza il fiato."	"Dall'introduzione: ""Amavamo la vita, il bene più prezioso, ma eravamo disposte a rischiarla per trasform are profondamente la società. […] Donne libere, attive, pensanti. Donne militanti sindacali. Donne militanti cristiane. Donne militanti politiche. Donne militanti rivoluzionarie. Ma ormai non importava più a quale delle diverse varianti del penorismo e della sinsitra appartenessimo. [...] Ci chiamarono «sovversive», «infiltrate», «terroriste», «comuniste», «bolsceviche». E ci dettero la caccia. C'è chi ha dovuto abbandonare il paese; altri sono stati costretti a nascondersi per sfuggire all'arresto e hanno vissuto un vero e proprio esilio interno; altri ancora sono stati sequestrati e i loro nomi sono andati ad allungare gli elenchi dei desaparecidos di cui non abbiamo mai saputo niente. Molti infine, sono stati assassinati. Noialtre ci hanno incarcerate."""	Córdoba, Argentina	-31.42	-64.18	https://www.amazon.it/imprigionate-dittatura-testimonianza-resistenza-collettiva/dp/8820044811	
Zlata	Filipović	Zlata Filipović	https://it.wikipedia.org/wiki/Zlata_Filipović	I diari di Zlata	Nel 1991 Zlata Filipovic´ ha undici anni e vive a Sarajevo. Come tante sue coetanee tiene un diario dove registra gli eventi minimi dell’esistenza quotidiana: gli studi, gli amici, i weekend in campagna, l’ammirazione per i cantanti, le modelle famose, i divi della televisione. Quando scoppia la guerra e nel marzo del 1992 cominciano i primi spari a Sarajevo, il tono del diario cambia radicalmente. All’amica immaginaria di nome Mimmy consegna per un anno e mezzo la cronaca di giornate completamente diverse da prima: le notti passate in cantina, l’esplodere delle granate, le case in fiamme, le raffiche dei cecchini, la fame, la mancanza d’acqua e di elettricità, la morte degli amici, la perdita di speranza di chi la circonda. Una testimonianza coraggiosa e commovente, un’invocazione alla pace diventata un classico della letteratura di guerra.	War	GUERRA SAJEVO - DIARI INTIMI	05/03/1992	Mio Dio! A Sarajevo la situazione sta ormai precipitando. Domenica, il primo marzo, un piccolo gruppo di civili armati (così ha detto la televisione) ha ucciso un invitato ad un matrimonio serbo e ha ferito il prete. Il 2 marzo tutta la città era piena di barricate. Ce ne erano a migliaia. Non avevamo neanche il pane. Alle sei di sera la gente si è stancata ed è scesa per le strade . Il corteo è partito dalla cattedrale, è passato davanti al Parlamento e ha attraversato tutta la città. Vicino alla caserma “Maresciallo Tito” sono state ferite diverse persone (…). Zdravko Grebo, il direttore della stazione radio indipendente ZID, ha detto alla radio che oggi è stata scritta una pagina di storia. Verso le otto di sera abbiamo sentito la campana di un tram. Era il primo tram che attraversava la città, il primo segno di vita. La gente di è riversata per le strade con la speranza che una cosa del genere non si ripeta mai più. Anche noi ci siamo uniti a questa manifestazione pacifica, poi siamo tornati a casa e abbiamo passato una notte tranquilla. Il giorno dopo era tutto normale: la scuola, le lezioni di musica. Ma di sera è arrivata la notizia che tremila cetnici stavano arrivando da Pale, una località qui vicino, per attaccare Sarajevo (…). Più tardi c’è stato un vero e proprio scontro su YUTEL TV. Radovan Karadzic, leader dei serbi bosniaci e Alija Izetbegovic, il presidente della Bosnia Erzegovina, hanno telefonato in trasmissione e hanno iniziato a litigare. A un certo punto Goran Milic, il giornalista televisivo, ha perso la pazienza e li ha convinti a incontrarsi con un certo generale Kukanjac (il comandante dell’ex esercito jugoslavo (…).	Female	Bosnian	0-14		Fear	Mio Dio! A Sarajevo la situazione sta ormai precipitando.	0	56	L'ho preso per mio figlio quando frequentava la scuola sec. di primo grado. È una buona lettura per un ragazzino perché racconta uno spaccato della recente storia europea dal punto di vista di una loro coetanea. Gli è piaciuto molto e si è interessato alle vicende dei Balcani.	"Alcune agenzie giornalistiche e media le aggiudicarono l'appellativo di ""Anna Frank di Sarajevo"". Ma a differenza di Anna Frank, Zlata e la sua famiglia sopravvissero al conflitto, scappando a Parigi nel 1993 dove si fermarono per un anno."	Sarajevo, Bosnia and Herzegovina	43.82	18.21	https://www.rizzolilibri.it/libri/diario-di-zlata/	
Zlata	Filipović	Zlata Filipović	https://it.wikipedia.org/wiki/Zlata_Filipović	I diari di Zlata	Nel 1991 Zlata Filipovic´ ha undici anni e vive a Sarajevo. Come tante sue coetanee tiene un diario dove registra gli eventi minimi dell’esistenza quotidiana: gli studi, gli amici, i weekend in campagna, l’ammirazione per i cantanti, le modelle famose, i divi della televisione. Quando scoppia la guerra e nel marzo del 1992 cominciano i primi spari a Sarajevo, il tono del diario cambia radicalmente. All’amica immaginaria di nome Mimmy consegna per un anno e mezzo la cronaca di giornate completamente diverse da prima: le notti passate in cantina, l’esplodere delle granate, le case in fiamme, le raffiche dei cecchini, la fame, la mancanza d’acqua e di elettricità, la morte degli amici, la perdita di speranza di chi la circonda. Una testimonianza coraggiosa e commovente, un’invocazione alla pace diventata un classico della letteratura di guerra.	War	METADIARIO - GUERRA SAJEVO - DIARI INTIMI	30/03/1992	Ehi, diario! Sai una cosa? Dal momento che Anna Frank chiamava il suo diario Kitty, forse è ora che ti dia un nome anch’io. Che ne pensi di questi: ASFALTINA. PIDZAMETA. SEFIKA. HIKMETA. SEVALA. MIMMY. … o magari qualche altro? Fammi pensare… Ho deciso. Ti chiamerò MIMMY.	Female	Bosnian	0-14		Hope	Sai una cosa? Dal momento che Anna Frank chiamava il suo diario Kitty, forse è ora che ti dia un nome anch’io.	13	123	L'ho preso per mio figlio quando frequentava la scuola sec. di primo grado. È una buona lettura per un ragazzino perché racconta uno spaccato della recente storia europea dal punto di vista di una loro coetanea. Gli è piaciuto molto e si è interessato alle vicende dei Balcani.	"Caro diario, si legge in varie autrici e autori. Il diario acquista un valore diverso rispetto a un semplice oggetto, è spesso personalizzato, con un nome, con degli appellativi. In tanti diari si leggono frasi del genere: ""ti ho trascurato, caro diario, perdonami"". Scrivere un diario è avere cura di se stessi. "	Sarajevo, Bosnia and Herzegovina	43.85	18.31	https://www.rizzolilibri.it/libri/diario-di-zlata/	
Zlata	Filipović	Zlata Filipović	https://it.wikipedia.org/wiki/Zlata_Filipović	I diari di Zlata	Nel 1991 Zlata Filipovic´ ha undici anni e vive a Sarajevo. Come tante sue coetanee tiene un diario dove registra gli eventi minimi dell’esistenza quotidiana: gli studi, gli amici, i weekend in campagna, l’ammirazione per i cantanti, le modelle famose, i divi della televisione. Quando scoppia la guerra e nel marzo del 1992 cominciano i primi spari a Sarajevo, il tono del diario cambia radicalmente. All’amica immaginaria di nome Mimmy consegna per un anno e mezzo la cronaca di giornate completamente diverse da prima: le notti passate in cantina, l’esplodere delle granate, le case in fiamme, le raffiche dei cecchini, la fame, la mancanza d’acqua e di elettricità, la morte degli amici, la perdita di speranza di chi la circonda. Una testimonianza coraggiosa e commovente, un’invocazione alla pace diventata un classico della letteratura di guerra.	War	METADIARIO - GUERRA SAJEVO - DIARI INTIMI	14/11/1993	Non ti ho ancora detto, Mimmy, che ben presto farai il giro del mondo. Ti pubblicheranno all'estero. Ho dato il mio permesso, così che il mondo sappia le stesse cose che ho scritto a te. Ti ho parlato della guerra, di me e di Sarajevo durante la guerra, e il mondo vuole sapere tutte queste cose. Ti ho scritto ciò che sentivo, vedevo e udivo, e adesso ne saranno informate le persone che non abitano a Sarajevo. Vuon viaggio intorno al mondo, Mimmy! La tua Zlata	Female	Bosnian	0-14		Hope	Ti ho scritto ciò che sentivo, vedevo e udivo, e adesso ne saranno informate le persone che non abitano a Sarajevo. 	297	412	L'ho preso per mio figlio quando frequentava la scuola sec. di primo grado. È una buona lettura per un ragazzino perché racconta uno spaccato della recente storia europea dal punto di vista di una loro coetanea. Gli è piaciuto molto e si è interessato alle vicende dei Balcani.	"Caro diario, si legge in varie autrici e autori. Il diario acquista un valore diverso rispetto a un semplice oggetto, è spesso personalizzato, con un nome, con degli appellativi. In tanti diari si leggono frasi del genere: ""ti ho trascurato, caro diario, perdonami"". Scrivere un diario è avere cura di se stessi. "	Sarajevo, Bosnia and Herzegovina	43.88	18.41	https://www.rizzolilibri.it/libri/diario-di-zlata/	
Rainer Maria	Rilke	Rainer Maria Rilke 	https://it.wikipedia.org/wiki/Rainer_Maria_Rilke	Diario fiorentino	"Nel 1898 Rainer Maria Rilke si recò a Firenze su suggerimento della sua amante e protettrice Lou Andreas-Salomé, che voleva che il giovane poeta eliminasse, con un tuffo nel mondo mediterraneo, un provincialismo e delle lacune culturali da lei giudicati inammissibili. Il ""Diario fiorentino"", frutto del contatto con realtà profondamente diverse da quelle conosciute sino allora, non è però tanto un quaderno di riflessioni e ricordi dedicato alla donna amata, quanto un nucleo di idee e concezioni che attraversano in modo più o meno visibile tutta l'opera di Rilke e alimentano la fase estrema della sua poesia. La prefazione di Giorgio Zampa ricostruisce minuziosamente i rapporti di Rilke con Lou Andreas-Salomé e gli eventi che portarono alla nascita del Diario fiorentino, chiarendone l'importanza centrale nell'itinerario poetico rilkiano. Completa il volume un'aggiornata bibliografia curata dalla germanista Gabriella Rovagnati."	Intimate	DIARI INTIMI/ DI VIAGGIO/ SULLA SCRITTURA/ SULL'ARTE	17/05/1898	Cotesta falsa educazione artistica ha stravolto tutti i concetti: l'artista deve diventare a un tratto una specie di zio che mostra a nipotini e nipotine (e cioè al benevolo pubblico) un divertimento domenicale: l'opera d'arte. Egli dipinge un quadro o scolpisce una statua, e lo scopo qual è? Mio Dio, rallegrare Tizio o Caio, persone a lui estranee, stimolare con piacevoli pensieri la loro pigra digestione, e ornare le loro stanze con l'opera piena di buona volontà... Così il pubblico vorrebbe l'artista; e quindi la paura filistea dello spiacevole in arte, del triste o del tragico, del nostalgico e dello sconfinato, del terribile e del minaccioso, di cui se ne ha abbastanza nella vita. Di qui la tendenza al gaio, al giocoso, all'inoffensivo, al piccante, allo sciocco... a un'arte di filistei per filistei, che si può gustare come un sonnellino pomeridiano o una presa di tabacco.	Male	German	22-39		Fear	e quindi la paura filistea dello spiacevole in arte, del triste o del tragico, del nostalgico e dello sconfinato, del terribile e del minaccioso, di cui se ne ha abbastanza nella vita. 	510	693	Lou Von Salomé ebbe una lunga relazione sentimentale con il poeta Rainer Maria Rilke (probabilmente il suo vero amore, e con cui rimase in amicizia fino alla morte di Rilke nel 1926), elogiava particolarmente il padre della psicoanalisi Sigmund Freud (con cui ebbe una forte amicizia personale e intellettuale), ed era una profonda conoscitrice di Ibsen, Tolstoj, Turgenev, Wagner (giudicando noiosa la sua musica), e varie altre personalità. Dopo aver avuto la sua prima esperienza sessuale col citato ventiduenne Rilke a 36 anni (nonostante la sua fama di seduttrice), scrisse un libro che divenne un vero best seller nei paesi europei, Erotica, confluito poi nei saggi psicoanalitici La materia erotica (1887-1911).	"Questo ""Diario"", scritto per la stessa Lou, si apre con pagine di grande bellezza : un terrazzo con parete ""coperta a profusione di rose gialle cariche di profumo""; dinanzi ""pende il paesaggio ampio, caldo (...)! Ricco il mattino nel fulgore di cento speranze, quasi vibrante di attesa""... Questo il primo impatto con Firenze.  Comincia poi la visita alla città e ai suoi monumenti. Numerose le riflessioni su arte e artisti, talvolta però ancora immature, espresse in modo perentorio ma non sempre convincenti. La scrittura tuttavia si mantiene molto bella e non ci nega qualche perla : ""Siate un giorno soltanto non-moderni, e vedrete quanta eternità avete in voi""."	Florence, Italy	43.76	11.25	https://www.amazon.it/diario-fiorentino-Rainer-Maria-Rilke/dp/B00STE7JPI#customerReviews	
Franz	Kafka	Franz Kafka	https://it.wikipedia.org/wiki/Franz_Kafka	Diari 1910 - 1923	The diaries of the acclaimed author of The Metamorphosis and The Trial—one of the greatest writers of the twentieth century—provide a penetrating look into Prague and the life and dreams of one of the most important writers of the twentieth century.   These diaries cover the years 1910 to 1923, the year before Kafka’s death at the age of forty. They provide a look into Kafka’s accounts of his dreams, his feelings for the father he worshipped and the woman he could not bring himself to marry, his sense of guilt, and his feelings of being an outcast. They offer an account of a life of almost unbearable intensity.	Intimate	DIARI INTIMI / SULLA SCRITTURA	28/12/1911	Le difficoltà di terminare sia pure un breve articolo non consistono nel fatto che il nostro sentimento richiede per la fine del brano un fuoco che l'effettivo contenuto precedente non ha saputo produrre da sé stesso, ma sorgono piuttosto perché anche il più piccolo scritto esige dall'autore una soddisfazione di sé e uno smarrimento in sé stesso, donde è difficile uscire all'aria del giorno comune senza un'energica risoluzione e uno sprone dal difuori; sicché spinti dall'inquietudine si scappa prima che l'articolo sia conchiuso e che sia lecito scivolar via in silenzio, e si è poi costretti a terminare la conclusione dal difuori addirittura con le mani che non solo devono lavorare, ma anche tenersi aggrappate.	Male	German	22-39		Restlessness	sicché spinti dall'inquietudine si scappa prima che l'articolo sia conchiuso e che sia lecito scivolar via in silenzio, e si è poi costretti a terminare la conclusione dal difuori addirittura con le mani che non solo devono lavorare, ma anche tenersi aggrappate.	457	718	I read about 50-75 pages of Kafka's diary today and I felt like I understood him deeply, even more, I felt we shared most of the adult symptoms of a dysfunctional childhood. Perhaps he is more self-censuring but only because his reproachments of himself are so ubiquitous here as to take over his life entirely. Tangentially, he mentions being in an almost constant state of fatigue or feelings of sickness. He also mentions an agonizing dilemma, or really, just his state of things, and that is that literature is so strongly the only sustenance that he has that he cannot afford to attempt anything else that may make him feel better, lest he end up with nothing at all. In reading, he pays attention most to secondary characters because he feels that he is one as well. An outsider, a cameo in some other, more vibrant and more living, center. That just completely sank me. This is an invaluable read and a companion piece to much of Kafka's Literary works.	"Di Franza Kafka abbiamo una bellissima testimonianza nel libro ""Memorie di un editore. Kafka, Walser, Trakl, Kraus e gli altri"" di Kurt Woolf, il primo ad aver stampato Kafka. ""Non ricordo quante volte mi sono trovato insieme a Kafka. Ma il primo incontro ce l'ho ancora davanti agli occhi nella sua nitidezza spettrale. Era il 29 giugno 1912. Kafka faceva un viaggio di vacanza con Max Brod; i due avevano lasciato Praga il giorno prima e fecero tappa a Lipsia nel tragitto verso Weimar. [...]  Ah, come soffriva. Taciturno, maldestro, tenero, vulnerabile, intimidito come un liceale davanti agli esaminatori, convinto di non poter mai soddisfare le aspettative [...] Quando la visita fu finita tirai un gran respiro di sollievo, e presi congedo da quegli occhi così belli, dall'espressione così toccante di quell'uomo cui era difficile attribuire un'età. Egli era allora sulla trentina, ma il suo aspetto, che fosse più o meno segnato dalla malattia, restò sempre ai miei occhi quello di un essere senza età; si potrebbe dire: un ragazzino che non ha mai fatto il passo per entrare nell'età virile."" ""Nell'agosto del 1982, Franz Kafka mi spedì diciotto prose brevi [...] i libri successivi furono stampati in mille esemplari e, se la memoria non m'inganna, finché Kafka fu in vita non è stata mai necessaria una seconda edizione di un suo volume""."	Germany	53.16	10.44	https://www.amazon.it/Franz-Kafka-Diaries-1910-1923/dp/0805209069	
Hannah	Arendt	Hannah Arendt	https://it.wikipedia.org/wiki/Hannah_Arendt	Nel deserto del pensiero. Quaderni e diari 1950-1973	Il libro raccoglie i 29 quaderni manoscritti sui quali Hannah Arendt annotò, nel corso della sua vita, i suoi pensieri, le sue letture, i suoi progetti, le sue suggestioni. È un’opera unica in cui si manifesta in tutta la sua pienezza l’originale riflessione di una delle pensatrici fondamentali del Novecento. Hannah Arendt vi appunta i pensieri nel momento della loro insorgenza, come materiali di un laboratorio di idee da meditare e sviluppare. Platone, Kant, Marx, Nietzsche, Montaigne, i suoi maestri, Jaspers e Heidegger, affiorano in queste pagine, così come i temi fondamentali della sua ricerca: il problema del male e l’assenza di pensiero che lo caratterizza, il carattere etico della conoscenza, la verità dell’agire politico. Più di ogni altra cosa colpisce come l’esistenza sia per Hannah Arendt «un esperimento, oltre che un’esperienza; il banco di prova del suo pensiero» (la Repubblica).	Intimate	DIARI INTIMI/ DONNE RIVOLUZIONARIE / POLITICA / ATTIVISMO	01/11/50	Mezzo e fine in politica: È decisivo che la politica sia sempre stata concepita come un mezzo decisivo in vista del fine; in essa tutto era permesso o lo fu a partire da Machiavelli, poiché un fine im-politico – il buon vivere – giustificava il mezzo della politica. La politica è sempre stata il presupposto per la possibilità dell'impolitico. Fino a quando i regimi totalitari non hanno eretto questo mezzo, questo mezzo già abbondantemente insudiciato, al rango di fine dei fini, ponendo a loro modo termine all'assurdità di mezzo e fine.	Female	German	40-59		Anger	È decisivo che la politica sia sempre stata concepita come un mezzo decisivo in vista del fine; in essa tutto era permesso	26	147	Hannah Arendt, una delle più importanti filosofe del ventesimo secolo, anche nei suoi appunti e diari centra sempre il punto di un pensiero che abbraccia  l'anticonformismo e la complessità del reale, in lotta con le banalità del male.	"Un altro dei temi affrontati dalla Harendt, tra i più strumentalizzati in maniera negativa dalla politica è quello dei rifugiati. Scrive nel saggio ""Noi rifugiati"", rigorosamente al plurale e mai in prima persona,: ""abbiamo perso la nostra dimora, vale a dire l’intimità della vita quotidiana. Abbiamo perso il nostro lavoro, cioè la fiducia di essere di qualche utilità nel mondo. Abbiamo perso la nostra lingua, ossia la naturalezza delle reazioni, l’espressione spontanea dei sentimenti”. "	Germany	51.16	10.44	https://neripozza.it/libro/9788865592748	
Kostadinos	Kavafis	Konstadinos Kavafis	https://it.wikipedia.org/wiki/Konstantinos_Kavafis	La poesia e la morale. Appunti inediti (1902 - 1911)	La poesia e la morale è il titolo con il quale nel 1983 G.P. Sawidis rese pubblico un pacchetto di riflessioni che Kavafis aveva steso nel corso di una decina d'anni (1902-1911) e che affrontano i temi più cari al poeta d'Alessandria: verità e menzogna nella poesia, il rapporto tra il 'mestiere' di poeta e una vita 'normale', il ruolo dell'eros - di un eros 'particolare' nella creazione poetica, il concreto 'fare' poetico nel 'laboratorio' dell'artista. La raccolta risulta poi particolarmente preziosa ove si pensi che Kavafis, oltre alle sue straordinarie poesie che lo hanno consacrato come il più grande poeta della letteratura neogreca, scriveva molto poco e pubblicava ancor meno. Gli appunti che vengono qui presentati divengono pertanto un'incursione davvero unica nell'universo del grande poeta. Prefazione di Gianni Schilardi.	Intimate	DIARI INTIMI / SULLA SCRITTURA/ Terapeuticità/ attivismo	19/10/1902	Spesso rifletto sulla poca importanza che gli uomini attribuiscono alle parole. Mi spiego. Un uomo semplice (e dicendo semplice non intendo dire sciocco, ma solo uno che non si distigue) ha un'idea, critica un'istituzione o un parere generale: sa che la grande maggioranza pensa in modo contrario, perciò tace perché ritiene che non serve a nulla parlarne, persuaso che la sua parola non cambierebbe nulla. Sta qui lo sbaglio, e grosso. Io mi comporto diversamente. Ad es. condanno la pena capitale. Quando capita l'occasione lo dichiaro, non perché credo che, se sono io a dirlo, gli stati l'aboliranno il giorno dopo, ma perché sono convinto che, dicendolo, concorrerò al successo del mio parere. La mia parola non va perduta. Forse qualcun altro la riprenderà e può darsi che pervenga a orecchie pronte ad ascoltarla e vi trovi un incoraggiamento. Fors'anche anche tra colore che oggi non sono d'accordo qualcuno se ne ricorderà - in futuro, in circostanze più favorevoli e, aiutato da altre contingenze, se ne convincerà o almeno vacillerà il suo convincimento contrario. Così anche per altre questioni a carattere sociale ed alcune altre in cui, in particolare, si esige di compiere un'Azione. So di essere esitante e, per quanto mi riguarda, incapace di agire. Perciò parlo soltanto. Ma non credo che le mie parole siano superflue. Qualche altro agirà. E le mie abbondanti parole – di un esitante come me – gli faciliteranno l'azione. Spianano il terreno.	Male	Greek	22-39	queer	Passion	La mia parola non va perduta. Forse qualcun altro la riprenderà e può darsi che pervenga a orecchie pronte ad ascoltarla e vi trovi un incoraggiamento. 	699	850	n/d	"Le poesie di Kavafis sono tra le più belle poesie di un uomo rivolte a un altro uomo. La loro esistenza in un momento in cui l'omosessualità era poco rappresentata rende l'opera di Kavafis rivoluzionaria. ""Kavafis era uno scettico che fu accusato di attaccare i tradizionali valori della cristianità, del patriottismo e dell'eterosessualità, anche se non sempre si trovò a suo agio nel ruolo di anticonformista."""	Greece	38.79	21.98	https://www.ibs.it/poesia-morale-appunti-inediti-1902-libro-konstantinos-kavafis/e/9788882341817	
Kostadinos	Kavafis	Konstadinos Kavafis	https://it.wikipedia.org/wiki/Konstantinos_Kavafis	La poesia e la morale. Appunti inediti (1902 - 1911)	La poesia e la morale è il titolo con il quale nel 1983 G.P. Sawidis rese pubblico un pacchetto di riflessioni che Kavafis aveva steso nel corso di una decina d'anni (1902-1911) e che affrontano i temi più cari al poeta d'Alessandria: verità e menzogna nella poesia, il rapporto tra il 'mestiere' di poeta e una vita 'normale', il ruolo dell'eros - di un eros 'particolare' nella creazione poetica, il concreto 'fare' poetico nel 'laboratorio' dell'artista. La raccolta risulta poi particolarmente preziosa ove si pensi che Kavafis, oltre alle sue straordinarie poesie che lo hanno consacrato come il più grande poeta della letteratura neogreca, scriveva molto poco e pubblicava ancor meno. Gli appunti che vengono qui presentati divengono pertanto un'incursione davvero unica nell'universo del grande poeta. Prefazione di Gianni Schilardi.	Intimate	DIARI INTIMI/LGBTQ+	19/10/1902	Stasera mi è venuto in mente di scrivere del mio amore. Ma non lo farò. Com'è forte il pregiudizio! Io me ne sono liberato: ma penso a quelli che ne sono schiavi, sotto gli occhi dei quali potrebbe cadere questo foglio. E mi fermo. Che bassezza! Mi si consenta però di segnare una lettera - la T - a simboleggiare questo momento.	Male	Greek	22-39	queer	Passion	Com'è forte il pregiudizio! Io me ne sono liberato: ma penso a quelli che ne sono schiavi	72	160	n/d	"Le poesie di Kavafis sono tra le più belle poesie di un uomo rivolte a un altro uomo. La loro esistenza in un momento in cui l'omosessualità era poco rappresentata rende l'opera di Kavafis rivoluzionaria. ""Kavafis era uno scettico che fu accusato di attaccare i tradizionali valori della cristianità, del patriottismo e dell'eterosessualità, anche se non sempre si trovò a suo agio nel ruolo di anticonformista."""	Greece	38.99	21.98	https://www.ibs.it/poesia-morale-appunti-inediti-1902-libro-konstantinos-kavafis/e/9788882341817	
Pietro	Annigoni	Pietro Annigoni	https://it.wikipedia.org/wiki/Pietro_Annigoni	Diario	"Nelle pagine qui raccolte, Pietro Annigoni (1910-1988) riferisce e commenta le vicende di una lunga fase della sua vita, dal 1946 al 1969. Da questi scritti prendono a vivere i luoghi, i personaggi e le situazioni che giorno dopo giorno hanno marcato un percorso fitto di incontri e di emozioni, di lavoro e di pause, di ricordi e di riflessioni, di viaggi e di soste. Perno di questo documento è dunque il suo viatico attraverso culture, paesaggi, tradizioni, mondi oltre i confini a lui noti, come anche i suoi contatti con varie personalità, dagli amici a prestigiose celebrità, rappresentate nei suoi famosi ritratti. Artista ""viandante"", come ebbe lui stesso a definirsi, Annigoni sperimenta il viaggio come mezzo di conoscenza, di ispirazione e di approfondimento per la sua pittura, alimentando una passione radicata fin dalla giovinezza. Da questa narrazione multiforme, fatta di cronache e descrizioni, pensieri e parole, sogni e realtà, luoghi segreti e mete famose, emerge una visione diretta di Annigoni, un autoritratto cangiante che sa svelarci, oltre al temperamento e al mestiere dell'artista, le sue doti di scrittore."	Moon	ATTERREGGIO LUNARE	01/05/69	Quinta posa. La conversazione s'aggira sulla tecnica che uso. La Regina è abbastanza informata. Poi si parla dell'arte del ritratto che è in decadenza e quindi, al solito, delle varie forme di demenza snobista oggi in voga. Ripeto con stanchezza i miei consueti ragionamenti al riguardo. Si parla ancora dei giovani. Mi racconta d'aver visto alla televisione un ragazzuccio di otto anni e della sua risposta alla domanda se volentieri sarebbe andato sulla Luna: «No, e penso che con tutti questi soldi farebbero meglio a sfamare i poveri negri del Biafra». Mi racconta la cosa con aria divertita sorpresa  e con un po' di amarezza, sottolineando col palmo della mano sinistra, teso in basso, la poca statura del bamboccio imbeccato.	Male	Italian	40-59		Surprise	Mi racconta d'aver visto alla televisione un ragazzuccio di otto anni e della sua risposta alla domanda se volentieri sarebbe andato sulla Luna: «No, e penso che con tutti questi soldi farebbero meglio a sfamare i poveri negri del Biafra». Mi racconta la cosa con aria divertita sorpresa  e con un po' di amarezza, sottolineando col palmo della mano sinistra, teso in basso, la poca statura del bamboccio imbeccato.	317	730	Lo storico dell’arte Bernard Berenson disse di lui: “Pietro Annigoni non è solo il più grande pittore di questo secolo ma è anche in grado di competere alla pari con i più grandi pittori di tutti i tempi. Egli rimarrà nella storia dell’arte come il contestatore di un’epoca buia”.	"La carriera di Annigoni gli valse il soprannome di ""Il pittore delle Regine"""	United Kingdom	52.17	-0.33	https://www.amazon.it/Diario-Pietro-Annigoni/dp/8884162270	
Oriana	Fallaci	Oriana Fallaci	https://it.wikipedia.org/wiki/Oriana_Fallaci	Niente e così sia	“La vita cos’è?” Alla vigilia della partenza per il Vietnam come inviata de “L’Europeo”, nel 1967, Oriana Fallaci tenta di rispondere alla domanda della sorellina Elisabetta: “La vita è il tempo che passa tra il momento in cui si nasce e il momento in cui si muore”. Ma la risposta le sembra incompleta e l’interrogativo la accompagna durante il viaggio. Arrivata a Saigon, la Fallaci si trova immersa in un’atmosfera surreale, e giorno dopo giorno annota nel suo diario l’insensatezza della guerra: dalla battaglia di Dak To all’offensiva del Tet, fino all’assedio della capitale vietnamita, Oriana racconta gli orrori del conflitto, descrivendo la crudeltà che la circonda in pagine struggenti e memorabili. Quando, dopo un anno, la Fallaci torna in Toscana e ritrova la piccola Elisabetta, una risposta per lei ce l’ha: “La vita è una condanna a morte. E proprio perché siamo condannati a morte bisogna attraversarla bene, riempirla senza sprecare un passo, senza temer di sbagliare, di romperci, noi che siamo uomini, né angeli né bestie, ma uomini”. Un libro considerato un classico della letteratura, un romanzo di guerra che è un inno alla vita.	Vietnam	GUERRA – STORIA – VIETNAM 	01/11/68	Gli americani proibiscono ai contadini di coltivare il riso e gli danno il riso della California. Chiuso in casse sulle quali è scritto: Rice From Los Angeles. Ma i contadini non vogliono il riso di Los Angeles, vogliono il riso delle loro risaie. Perché è più buono, più soffice, perché le risaie esistono per coltivareil riso e quando c’è riso nelle risaie c’è anche pesce, anguille ad esempio, ed essi si nutron d’anguille quasi quanto di riso. E si ribellano. E coltivano il riso, raccolgono il riso. E sono puniti. Le punizioni variano da provincia a provincia. In certe province i contadini che coltivano il riso, raccolgono il riso, vengon mitragliati dai caccia o dagli elicotteri. E quando il caccia o l’elicottero si abbassa sulla risaia, sai cosa fanno? Si tuffano giù dentro l’acqua e ci restano, trattenendo il respiro. A volte la scampano. A volte no. Sicché, passato il mitragliamento, vedi sempre un morto o due morti o tre morti che galleggian sull’acqua fra le pianticelle di riso.	Female	Italian	22-39		Force	Gli americani proibiscono ai contadini di coltivare il riso e gli danno il riso della California. Chiuso in casse sulle quali è scritto: Rice From Los Angeles. Ma i contadini non vogliono il riso di Los Angeles, vogliono il riso delle loro risaie. Perché è più buono, più soffice, perché le risaie esistono per coltivareil riso e quando c’è riso nelle risaie c’è anche pesce, anguille ad esempio, ed essi si nutron d’anguille quasi quanto di riso. E si ribellano. E coltivano il riso, raccolgono il riso. E sono puniti. Le punizioni variano da provincia a provincia. In certe province i contadini che coltivano il riso, raccolgono il riso, vengon mitragliati dai caccia o dagli elicotteri. E quando il caccia o l’elicottero si abbassa sulla risaia, sai cosa fanno? Si tuffano giù dentro l’acqua e ci restano, trattenendo il respiro. A volte la scampano. A volte no. Sicché, passato il mitragliamento, vedi sempre un morto o due morti o tre morti che galleggian sull’acqua fra le pianticelle di riso.	0	998	Le interviste presenti nel libro sono assolutamente interessanti da ascoltare e studiare: alla Fallaci non interessano i numeri o le tipiche informazioni giornalistiche. Interessa l'uomo. A un vietcong autore di un attentato con morti chiederà se ha mai avuto un momento di divertimento nella sua vita, se conosce la poesia, se ha mai amato. Al generale che accorda torture di terzo grado ai suoi prigionieri chiederà se si è mai imbarazzato per quanto permette, se ha mai sentito pietà, o pena. Lei, il più delle volte, non giudica chi ha di fronte, ma il lettore, automaticamente, trae le sue conclusioni.	"Scritto da Oriana Fallaci e dedicato alla sorella Elisabetta di cinque anni. Nella premessa la Fallaci scrive che il libro risponde alla domanda delle sorella: “la vita cos’è?”. Ha vinto il Premio Bancarella nel 1970. All'interno del libro esiste un altro diario: ""Il diario del Vietcong ignoto"", che François Pelou ha dato a Oriana Fallaci. La traduzione del diario è di Oriana Fallaci."	Vietnam	17.92	105.96	https://www.rizzolilibri.it/libri/niente-e-cosi-sia/	
Oriana	Fallaci	Oriana Fallaci	https://it.wikipedia.org/wiki/Oriana_Fallaci	Niente e così sia	“La vita cos’è?” Alla vigilia della partenza per il Vietnam come inviata de “L’Europeo”, nel 1967, Oriana Fallaci tenta di rispondere alla domanda della sorellina Elisabetta: “La vita è il tempo che passa tra il momento in cui si nasce e il momento in cui si muore”. Ma la risposta le sembra incompleta e l’interrogativo la accompagna durante il viaggio. Arrivata a Saigon, la Fallaci si trova immersa in un’atmosfera surreale, e giorno dopo giorno annota nel suo diario l’insensatezza della guerra: dalla battaglia di Dak To all’offensiva del Tet, fino all’assedio della capitale vietnamita, Oriana racconta gli orrori del conflitto, descrivendo la crudeltà che la circonda in pagine struggenti e memorabili. Quando, dopo un anno, la Fallaci torna in Toscana e ritrova la piccola Elisabetta, una risposta per lei ce l’ha: “La vita è una condanna a morte. E proprio perché siamo condannati a morte bisogna attraversarla bene, riempirla senza sprecare un passo, senza temer di sbagliare, di romperci, noi che siamo uomini, né angeli né bestie, ma uomini”. Un libro considerato un classico della letteratura, un romanzo di guerra che è un inno alla vita.	Moon	ATTERREGGIO LUNARE	01/01/68	Vorrei fare qualcosa che mi tolga di dosso questa vergogna. L'idea di appartenere al genere umano mi dà come una vergogna. Quando penso che mi esaltavo perché andremo sulla Luna. Ma che senso ha andar sulla Luna quando sulla Terra facciamo quello che ho visto oggi a Hué? Passano i secoli, i millenni, diventiamo sempre più bravi a inventare le macchine, a volare più lontano e più alto, eppure restiamo le squallide bestie che non sapevano accendere nemmeno un fuoco, rotolare una ruota. Tutto quello spreco di ingegno per sbarcar sulla Luna, perché? E se ne usassimo un poco, di quel grande ingegno, per non ammazzarci, per non distruggere le nostre città? Elisabetta vuole sapere la vita cos'è. Ormai mi chiedo se la vita non sia ciò che si stende sotto i miei occhi, cioé morte.	Female	Italian	22-39		Anger	E se ne usassimo un poco, di quel grande ingegno, per non ammazzarci, per non distruggere le nostre città?	552	657	Le interviste presenti nel libro sono assolutamente interessanti da ascoltare e studiare: alla Fallaci non interessano i numeri o le tipiche informazioni giornalistiche. Interessa l'uomo. A un vietcong autore di un attentato con morti chiederà se ha mai avuto un momento di divertimento nella sua vita, se conosce la poesia, se ha mai amato. Al generale che accorda torture di terzo grado ai suoi prigionieri chiederà se si è mai imbarazzato per quanto permette, se ha mai sentito pietà, o pena. Lei, il più delle volte, non giudica chi ha di fronte, ma il lettore, automaticamente, trae le sue conclusioni.	"Oriana Fallaci è l'autrice di ""Se il sole muore"" un libro di interviste in presa diretta agli austronauti, prima dello sbarco sulla Luna. La dedica del libro è: ""A mio padre che non vuole andare sulla Luna perché sulla Luna non ci sono fiori né pesci né uccelli. A Teodoro Freeman che morì ucciso da un'oca mentre volava per andar sulla Luna. Ai miei amici astronauti che vogliono andar sulla Luna perché il Sole potrebbe morire"". Anche in ""Se il sole muore"" Oriana si interroga sull'importanza di andare sulla Luna è la bambina che guarda alle stelle opposta al padre che vive solo sulla Terra ed è il pendolo che oscilla con mille domande. "	Vietnam	12.92	103.16	https://www.rizzolilibri.it/libri/niente-e-cosi-sia/	
Frida	Khalo	Frida Khalo	https://it.wikipedia.org/wiki/Frida_Kahlo	Il diario di Frida Khalo. Autoritratto intimo	"Questo diario illustrato ha accompagnato gli ultimi tumultuosi dieci anni di vita di Frida Kahlo (1907-1954). Scritto tra il 1944 e il 1954, ma tenuto sotto chiave in Messico per quasi mezzo secolo, rappresenta un documento di grande rilevanza per capire la complessa personalità di una donna entrata nella leggenda, sia come artista, sia come modello femminile. Le centosettanta pagine del diario racchiudono l'universo più intimo di Frida - pensieri, poesie e sogni - e raccontano la sua potente visione del mondo, il coraggio con cui affrontò una vita segnata dal tragico incidente dei suoi 18 anni, la tempestosa relazione con Diego Rivera, il più importante artista messicano del '900. Le annotazioni scritte a mano che accompagnano gli acquarelli, stilate nella sua grafia piena, rotonda, con inchiostri dai colori brillanti, accompagnano settanta acquarelli dalle cromie esuberanti, che includono numerosi autoritratti. Il diario di Frida appartiene al genere del ""diario intimo"", una memoria privata scritta da una donna per se stessa, e non destinata al pubblico. Proprio per questo la sua lettura suscita l'emozione di chi osserva di nascosto l'intimità di una persona che non sa di essere osservata: ""un atto di trasgressione, irrimediabilmente carico di voyeurismo"" come scrive Sarah Lowe nel saggio critico che accompagna il diario. Il facsimile, riprodotto nella sua interezza, è introdotto dal letterato Carlos Fuentes e include in appendice la traduzione annotata del testo."	Intimate	DIARI INTIMI / TERAPEUTICITà SCRITTURA	01/08/53	Piedi, perché li voglio se ho le ali per volare. 	Female	Mexican	40-59		Force	Piedi, perché li voglio se ho le ali per volare. 	0	48	Non dovrebbe acquistare questo diario chi non ama l'arte contemporanea e chi non capisce come la sofferenza possa passare sul piano dell'espressività: non è un diario fatto di racconti piani e meditati o una cronaca gossip, ma un grido a tinte forti, un pianto dirotto in forme, un messaggio scritto sulle mura di una prigione quando la cella è sé stessi, la malattia, le ferite subite. Il libro si fa testimonianza di una sofferenza fisica e le sua pagine sono pelle e carne viva, il colore trapassa da una pagina all'altra, non ha cornici, macchia e pervade, il risultato è un abbassamento di tutte le convenzioni consolidate del ruolo o del corpo dell'Artista (che per abitudine si trova più in alto, in uno stadio contemplativo, e parla di altro, diverte o svia, fa i soldi e viene consumato senza nessuna memoria).	Il diario di Frida Khalo è un diario ricco di pittura e poesia. La poesia che accompagna il disegno dei piedi fu realizzata nell'agosto del '53 quando la cancrena al piede rese necessaria l'amputazione.	Mexico	23.65	-102	https://www.amazon.it/diario-Kahlo-autoritratto-intimo-illustrata/dp/8837099932	
Sof'ja	Tolstaja	Sof'ja Tolstaja	https://it.wikipedia.org/wiki/Sof%27ja_Tolstaja	I diari 1862-1910	"Sof'ja Behrs aveva solo diciotto anni quando sposò Lev Tolstoj. Dal 1862 fino alla sua morte tenne un diario: la storia del matrimonio tra un uomo che ebbe tanti amori - la letteratura, il popolo, la scuola, la natura - e lei, Sof'ja, che aveva soltanto lui per dare un senso alla propria esistenza. È un racconto denso di fatti, impressioni, emozioni, in cui l'ansia e la paura di non essere amata lasciano affiorare il ritratto sincero e appassionato di una donna e di una moglie che per tutta la vita dovette fare i conti con il genio del marito. ""Per il genio bisogna creare un ambiente tranquillo, allegro, comodo"", scrive, ""al genio bisogna dare da mangiare, bisogna lavarlo, vestirlo, bisogna trascrivere le sue opere un numero infinito di volte, bisogna amarlo, non fornire pretesti alla sua gelosia, perché sia sereno."" Del tutto impotente di fronte a ciò che accade attorno e dentro di lei, Sof'ja è travolta da una spirale inesorabile, fatta di noia, solitudine, gelosia e tristezza, a cui si aggiungono il fastidio e il distacco di Lev. In lei non viene mai meno l'esigenza di interrogarsi, di sfogarsi e di sognare, pur provando inevitabilmente rancore e odio, che la portano a inscenare commedie isteriche e falsi suicidi. Ma accanto alla debolezza di Sof'ja, al suo costante bisogno di attenzione, stupisce in questo diario la forza con cui non accetta di tacere le sue idee e la sua opposizione: ""Lev"", scrive, ""parla per frasi fatte"", servendo così a dovere il grande e ammirato scrittore."	Intimate	DIARI INTIMI / SULLA SCRITTURA/ DONNE 	31/07/1868	È buffo leggere il proprio diario. Quante contraddizioni, sembro una donna così infelice! Ma esistono persone più felici di me? Si possono trovare matrimoni più felici, più riusciti del mio? Talvolta, quando sono sola in camera, mi metto a ridere dalla gioia e mi faccio il segno della croce Dio, fai che sia così per tanto, tanto tempo! Anche ora ci sono dei giorni in cui litighiamo, ma le liti nascono da cause talmente sottili e intime che non litigheremmo così se non ci amassimo. Presto sarò sposata da sei anni. E amo soltanto, sempre e sempre di più. Lui dice spesso che non si tratta di amore, ma che noi, vivendo insieme, ci siamo tanto affiatati che non possiamo stare l'uno senza l'altra. Ma io continuo ad amarlo sempre nello stesso modo inquieto e appassionato, e geloso, e poetico e la sua tranquillità qualche volta mi fa arrabbiare.	Female	Russian	22-39		Love	Presto sarò sposata da sei anni. E amo soltanto, sempre e sempre di più. 	486	558	I diari di una grande donna che ci raccontano molto anche del genio Tolstoj. Assolutamente da leggere e amare, giorno dopo giorno, anno dopo anno.	"Sof'ja Tolstaja fu diarista, memorialista e autrice di narrativa. Ebbe insieme a Tolstoj tredici figli e una relazione travagliata.  Le opere di Tolstoj sono state trascritte da Tolstaja che lui interpellava spesso per avere opinioni e consigli su come procedere durante la scrittura.  ""Noi ora scriviamo Anna Karenina veramente, voglio dire senza interruzioni. Ljovočka è sovreccitato, concentrato: ogni giorno finisce un capitolo: io ricopio accanitamente."""	Russia	64.68	97.74	https://www.amazon.it/I-diari-1862-1910-Sofja-Tolstaja/dp/8877384859	
Salvador	Dalì	Salvador Dalì	https://it.wikipedia.org/wiki/Salvador_Dal%C3%AD	Diario di un genio	Dalla Rivoluzione francese si è sviluppata la viziosa tendenza rincretinente a pensare che i geni (a parte la loro opera) siano degli esseri umani più o meno simili in tutto al resto dei comuni mortali. Ciò è falso. E se ciò è falso per me che sono, nella nostra epoca, il genio dalla spiritualità più vasta, un vero genio moderno, è ancora più falso per i geni che incarnarono l'apogeo del Rinascimento, come Raffaello genio quasi divino. Questo libro testimonierà che la vita quotidiana di un genio, il suo sonno, la sua digestione, le sue estasi, le sue unghie, i suoi raffreddori, il suo sangue, la sua vita e la sua morte sono essenzialmente differenti da quelli della restante umanità. (Salvador Dalì)	Intimate	DIARI INTIMI/ PITTURA/ GUERRA CIVILE/META DIARIO - 2 SU LORCA PER CONFRONTO	01/11/1952	Morto fucilato a granada, il poeta della cattiva morte, Federico García Lorca! Olé! Con questa esclamazione tipiacemente spagnola ho accolto a Parigi la notizia della morte di Lorca, il migliore amico della mia adolescenza agitata. Questa esclamazione che biologicamente emette l'appassionato di corride ogni volta che al matador riesce un bel «passo», o sgorgante dalla gola di coloro che trascinano i cantanti di flamenco, io l'ho gridata in occasione della morte di Lorca, volendo esprimere come il suo destino si compisse con un esito tragico e tipicamente spagnolo. Almeno cinque volte al giorno, Lorca alludeva alla propria morte. La notte non si poteva addormentare se in parecchi, non andavamo a «metterlo a letto». Una volta a letto, trovava ancora il modo di prolungare indefinitivamente le conversazioni poetiche più trascendentali che si siano svolte in questo secolo. Quasi sempre finiva per discutere della morte, e soprattutto della propria morte. Lorca imitivava e cantava tutto quello di cui parlava, specialmente la sua fine. La metteva in scena mimandola: «Ecco» diceva «come sarò al momento della morte!». Dopo di che danzava una specie di balletto orrizzontale che rappresentava i movimenti a scosse del suo corpo durante la sepoltura, quando la bara sarebbe stata calata da un certo pendio scosceso di Granada. Poi ci mostrava come sarebbe stato il suo volto qualche giorno dopo la morte. E i suoi tratti, di solito non belli, si aureolavano all'improvviso di una bellezza sconosciuta e addirittura di una grazia eccessiva.  [...] Difatti, James aveva appena preso in affitto la Villa Cimbrone [...]. Invitò Lorca e me ad andarci a vivere tutto il tempo che avessimo voluto. Per tre giorni il mio amico si dibatté in questa alternativa angosciante: andarci o non andarci? Ogni quarto d'ora cambiava idea. A Granada suo padre, sofferente di una malattia di cuore, temeva di morire. Finalmente, Lorca promise che ci avrebbe raggiunto subito, dopo essere andato a vedere il padre per tranquillizzarsi. Nel frattempo, la guerra civile esplose. Fu fucilato, mentre oggi suo padre è ancora vivo.	Male	Spanish	40-59		Tenderness	il migliore amico della mia adolescenza agitata. 	183	231	In questo diario Dalì non manca di essere se stesso: Bizzarro, distorto, parziale e innamorato. Impossibile farne uno uguale.	Avete presente la scena del film Midnight in Paris? In cui Dalì parla di rinoceronti? Ne era davvero ossessionato nel suo diario ci sono vari appunti in cui riflette sulla perfezione del corpo dei rinoceronti. / https://www.youtube.com/watch?v=kgF6m9VGIJE	Spain	40.46	-3.74	https://www.amazon.it/Diario-genio-Salvador-Dalì/dp/8877107731#customerReviews	
Virginia	Woolf	Virginia Woolf	n/d	Diari (cinque volumi)	Virginia Woolf scrive il suo Diario, che è il cangiante romanzo della vita di tutti i giorni, con le occasioni mondane e i momenti di misantropia, gli assalti dei dubbi e gli accessi di presunzione, l’inclinazione al gioco come alla serietà, le cattiverie e gli slanci di generosità.  «Il diario di Virginia è il suo romanzo per eccellenza.» - Mario Fortunato	Intimate	DIARI INTIMI / SULLA SCRITTURA/ DONNE RIVOLUZIONARIE - ATTIVISMO - QUEER	28/02/1921	Da tempo avevo l'intenzione di scrivere una disquisizione storica sul ritorno della pace; perché da vecchia Virginia si vergognerà pensando a che chiaccherona è stata, sempre a parlare di persone e mai di politica. Inoltre, dirà, i tempi in cui hai vissuto erano così straordinari. Devono esserlo sembrati anche alle donne tranquille che vivono in periferia. Ma in realtà niente succede in un certo momento piuttosto che un altro. I libri di storia renderanno le cose più nette di quanto esse non siano. 	Female	English	22-39	queer	Passion	Da tempo avevo l'intenzione di scrivere una disquisizione storica sul ritorno della pace; perché da vecchia Virginia si vergognerà pensando a che chiaccherona è stata, sempre a parlare di persone e mai di politica.	0	213	Non una pagina di questo fantastico Diario va sprecata, e quando arrivi alla fine ti rendi conto di avere conosciuto Virginia Woolf e trascorso con lei parte della vita. Un libro che ha la capacità di far riflettere sulla propria esistenza…	"Virginia Woolf è una delle poche donne del '900 il cui nome è impresso nella collettività. Ha superato ogni forma di cancellazione storica. La sua impresa è stata talmente titanica da non poter essere ignorata. Eppure continuamente si rimprovera nelle sue annotazioni di non fare abbastanza. I suoi saggi sulla pace e sul ruolo delle donne nella sua costruzione si trovano in ""Pensieri di pace"", Coppola Editore. Su i diari di Virginia Woolf e sulla sua potenza rivoluzionaria è stato pubblicato il saggio ""Virginia Woolf nel suo diario"", di Victoria Ocampo, prima editrice argentina, SuiGeneris edizioni."	United Kingdom	52.3	0.23	https://www.amazon.it/Diari-1915-1919-Vol-Virginia-Woolf/dp/8830104760	https://www.coppolaeditore.it/i-fiammiferi/81-pensieri-di-pace.html, https://www.amazon.it/Virginia-Woolf-nel-suo-diario/dp/8894848493
Charles	Bukowski	Charles Bukowski	https://it.wikipedia.org/wiki/Charles_Bukowski	Il Capitano è fuori a pranzo	“Fumo troppo, bevo troppo ma non posso scrivere troppo, mi viene così”  Non un romanzo né un poema né un racconto, ma il diario di bordo dello stesso Bukowski, capitano di vita, scritto poco prima di morire. Un diario che si snoda tra l’estate del 1991 e l’inverno del 1993. Tema dominante è la morte, attesa senza rimorsi e con irriverenza perché “la cosa terribile non è la morte, ma la vita che la gente non vive”. Eppure c’è qualche rammarico: lasciare il mondo, lasciare la scrittura. Nei pensieri del suo diario di bordo, il Capitano ne ha per tutti: filosofi, poeti, giornalisti, fotografi, musicisti, poliziotti e Hollywood intera. Salva la moglie che lo assiste, la musica di Mahler, il computer, medium ermetico che accudisce il flusso dei pensieri, le corse di cavalli. E le corse sembrano l’unica ragione degli anni estremi, trascorsi nell’altalenante routine tra monitor e ippodromo. Un libro al vetriolo; l’ultima grande opera di un maestro del Novecento, illustrata dal tocco forte di Robert Crumb.	Intimate	DIARI INTIMI / SULLA SCRITTURA/ Terapeuticità	23/06/1992	Non ho mai voluto fama o soldi. Volevo buttare giù le parole o essere sconfitto da qualcosa di peggiore della morte. Parole non come qualcosa di prezioso, ma come qualcosa di indispensabile.	Male	American	60-75	Padre in parte polacco, Madre tedesca	Passion	Parole non come qualcosa di prezioso, ma come qualcosa di indispensabile.	117	189	Bukowski non delude, mai. Ancora una volta si rivela essere un maestro di autenticità, regalandoci perle introspettive alternate a momenti di inaspettata saggezza nel bel mezzo di una sana follia ordinaria. Bukowski è questo, libero e autentico, unico e originale, schietto e burlone. Il libo in verità è un diario dei suoi ultimi anni di vita, nemmeno tanto grande eppure lo si legge che è un piacere. Me lo sono davvero gustato, giorno dopo giorno, e provavo spesso ad immaginare le scene che Hank descrive in maniera diretta e concisa, senza troppi giri di parole. Uno stile che gli appartiene, inconfondibile e se vi piace Bukowski, allora “Il capitano è fuori a pranzo” è un’opera da non perdere.	"Bukowski è un stato un autore estremamente prolifico:  ""sei romanzi, centinaia di racconti, migliaia di poesie, per un totale di oltre sessanta libri. A partire dalla sua morte nel 1994, sono stati pubblicati molti articoli e libri sia sulla sua vita che sui suoi scritti. Il suo lavoro però ha ricevuto relativamente poca attenzione dai critici accademici. HarperCollins/ECCO ha continuato a pubblicare nuove raccolte delle sue poesie, prelevandole dalle migliaia di lavori pubblicati sulle piccole riviste letterarie. L'uscita del 2007, The People Look Like Flowers at Last, conclude questo progetto: tutto ciò che ha scritto Bukowski (e che non ha distrutto lui stesso, come ha raccontato a Fernanda Pivano), è disponibile ora al grande pubblico. Bukowski stesso decise di pubblicare postume alcune di queste opere, un po' per giocare con la morte, com'era nel suo stile."""	Los Angeles, United States	34.05	-118.24	https://www.feltrinellieditore.it/opera/il-capitano-e-fuori-a-pranzo-1-2/	
Sylvia	Plath	Sylvia Plath	https://it.wikipedia.org/wiki/Sylvia_Plath	Diari	Quando si comincia a leggere questi diari si ha l'impressione di seguire le febbrili annotazioni di una bella ragazza americana che scopre l'Europa: tutto vibra, tutto sprizza energia, c'è un senso di attesa che si impone su tutto. Ma presto ci accorgiamo che le cose non stanno così. O meglio, non soltanto così. E ci immergiamo in una lettura sempre più appassionante e talvolta angosciosa: il giornale di bordo di una sensibilità acutissima, lacerata e drammatica, quella di una scrittrice che per i suoi versi e per il suo tragico destino è diventata un emblema, un vero culto, per molti lettori.	Intimate	DIARI INTIMI / SULLA SCRITTURA/ META DIARIO - DONNE 	25/02/1956	E in questo momento apro il diario benedetto di Virginia Woolf, comprato sabato con Ted insieme a una quantità di suoi romanzi. Lei supera la depressione per i no di «Harper's» (nientemeno! – proprio non riesco a credere che anche i Grandi siano stati rifiutati) tirando a lucido la cucina. E prepara merluzzo e salsicce. Dio la benedica. Sento che in qualche modo la mia vita è legata a lei. Me ne sono innamorata quando ho letto La signora Dalloway per Mr. Crockett e ancora sento la voce di Elisabeth Drew che mi faceva correre un brivido lungo la schiena nell'enorme classe allo Smith leggendo Gita al faro. Ed era proprio il suo suicidio che mi pareva di emulare nella nera estate del 1953. Solo che non sarei riuscita ad affogare. Immagino che sarò sempre molto vulnerabile, lievemente paranoica. Ma sono anche robusta e resistente. E felice come una pasqua. Solo che devo scrivere. Questa settimana mi sento male perché ultimamente non ho scritto niente. Il romanzo era un'idea talmente bella che sono andata nel panico.	Female	American	22-39		Passion	Dio la benedica. Sento che in qualche modo la mia vita è legata a lei.	322	391	Mi sono innamorata di Sylvia Plath leggendo questo libro. Ci si addentra nei pensieri e nella vita di una donna straordinariamente intelligente e sensibile, con una capacità notevole a descrivere il dolore, ma anche le gioie, così come le più intime riflessioni sulla vita e se stessi, senza mai cadere nel banale. é un libro che a distanza di più di un anno continuo a tenere sul comodino per trovare conforto in alcune pagine quando ne sento il bisogno.	"Anche Sylvia Plath nel suo diario si strugge per i rifiuti editoriali alle sue poesie, prima di essere la ""Grande Silvya"". Si può dire che in ogni diario di una grande scrittrice o scrittore c'è la paura del rifiuto e uno sforzo costante per superare tale paura."	United Kingdom	52.2	0	https://www.adelphi.it/libro/9788845918599    	
James Simon	Kunen	James Simon Kunen	https://en.wikipedia.org/wiki/James_Simon_Kunen	Fragole e sangue	"È il 1968 e l'America è attraversata da conflitti che non aveva mai conosciuto prima. La guerra del Vietnam, gli omicidi di Robert Kennedy e Martin Luther King, la crisi del Partito Democratico sembrano aprire uno spazio nuovo per la contestazione giovanile e i movimenti sociali. James Simon Kunen è iscritto alla Columbia University di New York; un ragazzo come tanti, che si ritrova catapultato all'improvviso nel vivo della protesta studentesca e inizia quasi per gioco a tenere un diario dell'occupazione dell'università. Armato soltanto del suo idealismo e della sua curiosità, Kunen dà vita a una cronaca puntuale dei sit-in e dei pestaggi della polizia: un tentativo lucido di decifrare il mondo degli adulti, alternando riflessioni coraggiose, spesso dure - e ancora attualissime a distanza di quasi mezzo secolo - con divertenti digressioni personali sull'amore, la musica, lo sport, i viaggi, che hanno il sapore del vero e proprio romanzo di formazione. Tradotto oggi per la prima volta in italiano, ""Fragole e sangue"" è un classico della controcultura giovanile americana, da cui il regista Stuart Hagmann ha tratto nel 1970 il celebre film omonimo (Premio della giuria al 23° Festival di Cannes). Introduzione di Bruno Cartosio."	Vietnam	GUERRA – STORIA – VIETNAM – RIVOLTE STUDENTESCHE	01/07/1968	A me, ha aggiunto, un'università dove gli studenti non si preoccupano per il Vietnam e le per le sorti delle nostre città farebbe una gran paura. [...] A proposito dell'importanza che l'amministrazione attribuiva alle opinioni degli studenti, Deane aveva dichiarato: Sapere se gli studenti approvano o disapprovano una decisione per me conta tanto quanto sapere che gli piacciono le fragole. A me le fragole piacciono. 	Male	American	22-39	studente	Rebellion	Deane aveva dichiarato: Sapere se gli studenti approvano o disapprovano una decisione per me conta tanto quanto sapere che gli piacciono le fragole. A me le fragole piacciono. 	243	418	Una storia che ha segnato positivamente la mia formazione adolescenziale. Erano i primi anni Settanta e il film tratto da questo romanzo girava nei cinema d'essay. La storia di un ragazzo che nel 1968 durante l’occupazione della Columbia University di New York si trova prima a essere spettatore e poi protagonista in prima persona di azioni organizzate - e poco strutturate - dagli studenti in rivolta. Di tutto ciò leggiamo un diario divertito e divertente, un resoconto che fotografa perfettamente lo spirito di quei momenti e di quegli anni straordinari in cui tutto sembrava possibile e raggiungibile e si scopriva la condivisione e la ribellione con grandi attese e speranze per il futuro.	"Dopo essersi laureato alla Columbia University Kunen divenne un giornalista sul campo dal Vietnam per la rivista ""True"". "	United States	40.8	-74.36	https://www.bookdealer.it/libro/9788869980183/fragole-e-sangue-diario-di-uno-studente-rivoluzionario	
--	Ignoto	Autore ignoto	https://it.wikipedia.org/wiki/Oriana_Fallaci	Diario del Vietcong ignoto	Diario del Vietcong ignoto, in cui vengono annotati i fatti salienti di nove mesi di vita di un contadino nel periodo compreso fra il giorno del suo reclutamento nell’esercito e l’interruzione dello scritto, sancita dalla probabile morte del protagonista.	Vietnam	GUERRA – STORIA – VIETNAM - METADIARIO	02/05/1968	Ho deciso di fare una specie di diario. Sono nel mio laboratorio. La notizia della prossima partenza ha raggiunto mia moglie. Ora anche lei sa che abbiamo solo quaranta ore da stare insieme. Quaranta e basta. Saranno le ore più preziose della nostra vita perché dopo resteremo separati per sempre, forse. Il mio problema è grosso: la vita di un soldato è certamente gloriosa ma separarsi dalla donna che si ama è così duro. Il tempo mi scivola tra le dita: ancora un poco e non la vedrò più. Conto ogni minuto, ormai. E mi pongo tante domande: perché si viene al mondo e perché si deve soffrire...	Male	Vietnamese	22-39	vietcong	Love	Ho deciso di fare una specie di diario. Sono nel mio laboratorio. La notizia della prossima partenza ha raggiunto mia moglie. Ora anche lei sa che abbiamo solo quaranta ore da stare insieme. Quaranta e basta. Saranno le ore più preziose della nostra vita perché dopo resteremo separati per sempre, forse. Il mio problema è grosso: la vita di un soldato è certamente gloriosa ma separarsi dalla donna che si ama è così duro. Il tempo mi scivola tra le dita: ancora un poco e non la vedrò più. Conto ogni minuto, ormai. E mi pongo tante domande: perché si viene al mondo e perché si deve soffrire...	0	596	Questo intento è particolarmente evidente nella decisione cosciente di non idealizzare né gli Americani né i Vietcong: non esistono i buoni né i cattivi. Il lettore incontra chiari esempi di eroismo umano in entrambi gli schieramenti. Da un lato, leggiamo degli Americani che muoiono per il dominio di una misera collina 875 e che si ritrovano a dormire sotto i cadaveri, perché tengono caldo. Dall’altro, sul fronte opposto, migliaia di Vietcong lasciano le loro case e la loro famiglia per unirsi nella guerra contro gli invasori, e ci sono anche donne con loro. Il quinto capitolo racchiude due diari di Vietcong ignoti che rendono impossibile al lettore tifare per gli Americani, e così facendo l’autrice pareggia i conti e riallinea la bilancia. Così come gli eroi sono tanto americani quanto vietnamiti, alla stesso modo le porcherie, alle quali la guerra non sa rinunciare, pullulano da entrambe le parti. 	"Il diario del Vietcong ignoto è stato dato da François Pelou a Oriana Fallaci. È lei ad averne realizzato una traduzione riportata nel suo libro ""Niente e così sia"".  Nel libro Oriana Fallaci traduce anche il diario di Le Vanh Minh, un altro milite vietcong e scrive il 19 febbraio: ""Mi hanno sorriso e risposto che sono troppo romantica, lo sono come i vietcong i cui diari sembrano canzonette napoletane: parlano sempre d'amore""."	Vietnam	14.92	102.96	https://www.rizzolilibri.it/libri/niente-e-cosi-sia/	
Vanh Minh	Le	Le Vanh Minh (25	https://it.wikipedia.org/wiki/Oriana_Fallaci	Diario di Le Vahn Minh	Diario di Le Vahn Minh, in cui vengono annotati i fatti salienti del suo reclutamento nell’esercito vietnamita insieme alle sue poesie e lettere d'amore per Tuyet Lan.	Vietnam	GUERRA – STORIA – VIETNAM – METADIARIO	01/02/68	Sono sciocco, amor mio, Tuyet Lan? Ho scritto una poesia anche per te. Gli altri guerriglieri mi prendono in giro quando mi vedono chino sui fogli. Dicono: scrive una poesia, scrive un'altra poesia! Ma io li lascio dire e fo e disfò finché sono soddifatto di ciò che rileggo. Sono soddisfatto di questa, infatti l'ho copiata senza una correzione. Eccola, Tuyet Lan. Parla di te e del nostro villaggio. In fondo siete la medesima cosa.	Male	Vietnamese	22-39	vietcong	Love	Sono sciocco, amor mio, Tuyet Lan? Ho scritto una poesia anche per te. Gli altri guerriglieri mi prendono in giro quando mi vedono chino sui fogli. Dicono: scrive una poesia, scrive un'altra poesia! Ma io li lascio dire e fo e disfò finché sono soddifatto di ciò che rileggo. Sono soddisfatto di questa, infatti l'ho copiata senza una correzione. Eccola, Tuyet Lan. Parla di te e del nostro villaggio. In fondo siete la medesima cosa.	0	433	Questo intento è particolarmente evidente nella decisione cosciente di non idealizzare né gli Americani né i Vietcong: non esistono i buoni né i cattivi. Il lettore incontra chiari esempi di eroismo umano in entrambi gli schieramenti. Da un lato, leggiamo degli Americani che muoiono per il dominio di una misera collina 875 e che si ritrovano a dormire sotto i cadaveri, perché tengono caldo. Dall’altro, sul fronte opposto, migliaia di Vietcong lasciano le loro case e la loro famiglia per unirsi nella guerra contro gli invasori, e ci sono anche donne con loro. Il quinto capitolo racchiude due diari di Vietcong ignoti che rendono impossibile al lettore tifare per gli Americani, e così facendo l’autrice pareggia i conti e riallinea la bilancia. Così come gli eroi sono tanto americani quanto vietnamiti, alla stesso modo le porcherie, alle quali la guerra non sa rinunciare, pullulano da entrambe le parti.	"Il diario di Le Vanh Minh è stato ritrovato da Oriana Fallaci. È lei ad averne realizzato una traduzione riportata nel suo libro ""Niente e così sia"".  Nel libro Oriana Fallaci scrive il 19 febbraio: ""Mi hanno sorriso e risposto che sono troppo romantica, lo sono come i vietcong i cui diari sembrano canzonette napoletane: parlano sempre d'amore"". Nel libro è presente la traduzione di un altro diario ""Diario del Vietcong ignoto""."	Vietnam	17.92	103.96	https://www.rizzolilibri.it/libri/niente-e-cosi-sia/	
Thuy Tram	Dang	Đặng Thùy Trâm	https://it.wikipedia.org/wiki/Đặng_Thùy_Trâm	Questa notte ho sognato la pace. Diario di una dottoressa vietcong 1968-1970	Questa notte ho sognato la pace: All'età di ventiquattro anni, Dang Thuy Tram partì come volontaria per prestare la sua opera di medico in un ospedale da campo vietcong, nelle vicinanze del quale, due anni dopo, venne uccisa dai soldati americani. Il suo diario, scritto tra il 1968 e il 1970, racconta l'amore e la devozione per la sua famiglia e il suo paese, lo struggimento per l'innamorato dei tempi del liceo, l'impegno per dimostrarsi degna di far parte del partito comunista e, naturalmente, tutti gli orrori della guerra. L'ufficiale americano che scoprì il diario subito dopo la morte della giovane dottoressa contravvenne agli ordini che aveva ricevuto e lo conservò per trentacinque anni, fino a quando ne restituì una copia all'anziana madre di Thuy, che viveva ad Hanoi. Il libro è la testimonianza delle lotte politiche e personali di una giovane donna durante uno dei più tragici conflitti del ventesimo secolo, ma è anche una storia di speranza e di amore per la vita.	Vietnam	GUERRA – STORIA – VIETNAM	04/06/1968	Se solo avessi le ali per volare fino alla mia bella casa in via Lo Duc, mangiare una semplice zuppa di crescione con papà, mamma e i miei fratelli e dormire una notte tra le vecchie lenzuola di cotone! Questa notte ho sognato che c’era di nuovo la pace. Tornavo indietro e li rivedevo tutti. Il sogno della pace e dell’indipendenza arde nel cuore di trenta milioni di persone da così tanto tempo! Per la pace e per l’indipendenza abbiamo sacrificato tutto. Tante persone si sono arruolate come volontarie per sacrificare la loro vita in nome di due parole: indipendenza e libertà. Anche io ho sacrificato la mia vita per questo grandioso obbiettivo.	Female	Vietnamese	22-39	vietnamita	Hope	Se solo avessi le ali per volare fino alla mia bella casa in via Lo Duc, mangiare una semplice zuppa di crescione con papà, mamma e i miei fratelli e dormire una notte tra le vecchie lenzuola di cotone! Questa notte ho sognato che c’era di nuovo la pace. Tornavo indietro e li rivedevo tutti. Il sogno della pace e dell’indipendenza arde nel cuore di trenta milioni di persone da così tanto tempo! Per la pace e per l’indipendenza abbiamo sacrificato tutto. Tante persone si sono arruolate come volontarie per sacrificare la loro vita in nome di due parole: indipendenza e libertà. Anche io ho sacrificato la mia vita per questo grandioso obbiettivo.	0	649	“Pensavo di leggere un libro sulla guerra in Vietnam e invece mi sono ritrovata a leggere un pezzettino di me, un pezzettino di tutte le donne del mondo. Ho incontrato una donna fortissima, grandiosa, con un coraggio che io non conosco. Ho incontrato la guerra, che nella mia vita è entrata solo dai racconti di mio nonno che ha fatto il partigiano e che ha fatto una vita molto simile a quella di Thuy.” 	Pare che i diari fossero tre e che avessero le dimensioni di un pacchetto di sigarette.  Del primo se ne persero presto le tracce, gli altri due ci sono pervenuti, poiché un militare americano, un certo Fred Whitehurst, li ritrovò sul campo di battaglia. Whitehurst aveva l'ordine di distruggere tutto il materiale non rilevante militarmente, ma decise comunque di salvere i due diari e di portarli in patria con sé nel 1972. Nel 2005 egli rintracciò la famiglia dell'autrice e decise di dar loro gli scritti ritrovati. La famiglia decise di pubblicarli e subito i due diari diventarono un best seller sia in Vietnam sia in America per la straordinaria abilità dell'autrice nel raccontare la brutalità di quell'assurda guerra. Il Vietnam ha reso onore a questa scrittrice ponendo una stele con il suo nome nel luogo dove è stata uccisa e intitolandole un ospedale. I luoghi dove operò, la stele e l'ospedale sono mete di pellegrinaggi dei pacifisti, che la considerano una di loro. Il 18 luglio 2005 i diari vengono pubblicati e il Vietnam si accende: in un paese dove i libri più letti raggiungono al massimo le 5.000 copie, dei diari di Thuy ne vengono vendute 430.000. Tutto il paese viene travolto dai diari e i ragazzi si avvicinano alla storia del Vietnam: nel 2005 i due terzi della popolazione era nata dopo il 1975 e non aveva conosciuto la guerra. Thuy oggi è considerata un’eroina popolare. 	Vietnam	15.92	107.96	https://www.mondadoristore.it/Questa-notte-ho-sognato-pace-Dang-Thuy-Tram/eai978880457317/	
